source,target,weight
LZO,CKG,51.0
LZO,CTU,20.0
LZO,CSX,23.305732484076437
LZO,PVG,40.90909090909091
KMQ,PVG,0.0
KJH,KWL,20.8936170212766
SHF,HMI,16.09090909090909
MAN,DUB,16.0
LUM,CTU,18.511811023622048
BCN,HEL,102.75
BCN,MUC,8.0
GYU,CKG,19.380255941499087
MUC,ARN,11.0
MUC,HEL,437.0
MUC,RTM,0.0
MUC,PRG,0.0
HIA,CKG,35.388888888888886
HIA,TPE,83.0
HIA,PVG,44.46630236794172
SWA,CSX,17.88717666483214
SWA,CTU,23.605135322692576
SWA,KWL,19.944055944055943
SWA,PVG,50.990328820116055
SWA,CKG,24.322455752212388
SWA,XNN,125.33333333333331
BPE,CSX,17.17241379310345
BPE,CTU,39.9063670411985
BPE,PVG,36.44155844155844
CTU,BKK,65.0
CTU,CKG,449.6470588235294
CTU,CSX,28.72980815734322
CTU,HJJ,66.58181818181818
CTU,KWL,24.63743948359333
CTU,DLU,23.04667381974249
CTU,JDZ,17.753086419753085
CTU,PVG,48.0415512465374
CTU,SHP,11.5
CTU,XNN,19.72151898734177
CTU,YIN,13.175324675324676
DLU,CKG,15.591235632183908
DLU,CSX,19.700617283950617
LLB,CKG,6.790697674418604
LLB,CSX,25.84224598930481
SLC,SEA,0.0
BAR,KWL,12.0
BAR,CKG,13.5
DPS,PER,28.5
DPS,HKG,648.5
PRG,FRA,432.0
PRG,MXP,420.0
FRA,NRT,18.0
FRA,GOT,434.0
CGD,CSX,52.0
CGD,KWL,24.0
MXP,HEL,12.0
MEL,BKK,23.0
MEL,MNL,59.0
PNH,BKK,82.0
PNH,PVG,10.0
CSX,CKG,23.490214067278288
CSX,KWL,28.0
CSX,NBS,56.3
CSX,PVG,35.32728900828296
CSX,SHP,165.0
CSX,XNN,17.729885057471265
MNL,GUM,1.0
JGN,CKG,14.571428571428571
JGN,PVG,11.0
LFQ,CKG,24.59016393442623
LFQ,KWL,30.285714285714285
LFQ,PVG,37.99141630901288
HMI,PVG,85.46103896103897
JFK,NRT,0.0
JFK,SEA,0.0
JNZ,PVG,26.67257844474761
KTM,BOM,106.66666666666669
TPE,PVG,52.5
NBS,PVG,27.09190672153635
XNN,CKG,20.91621458710066
XNN,PVG,40.3630849220104
XNN,KWL,16.967811158798284
DOY,PVG,17.474285714285713
PVG,BKK,144.66666666666666
PVG,HKG,83.03846153846153
PVG,KWL,38.68404066483782
PVG,CKG,45.3897955355468
PVG,JMU,69.06481481481481
PVG,NRT,33.1
PVG,SHP,13.065420560747665
PVG,WEH,41.56933115823817
HKG,CKG,354.0
GUM,NRT,74.0
HEL,BMA,26.0
HEL,GOT,3.0
CKG,KWL,28.076248904469765
USM,BKK,149.6
PER,BKK,18.0
WLG,AKL,74.0
